opcode,name,rev,symbol,req_payload,resp_payload,description
0x00,NOP,A,001000111011,0,0,No operation / keepalive
0x01,RESET,A,001001011101,0,0,Soft reset of the sensor head
0x02,GET_STATUS,A,001001101110,0,4,Status word + error flags
0x03,GET_ID,A,001010101101,0,16,Serial number and hardware id
0x04,READ_VALUE,A,001010110110,0,6,Single measurement (ch0)
0x05,READ_BLOCK,A,001011001011,1,var,Up to 8 buffered measurements (ch0)
0x06,SET_RANGE,A,001100110101,1,0,Measurement range index
0x07,SET_FILTER,A,001101010011,2,0,Filter type + corner
0x08,ZERO_OFFSET,A,001101101001,0,0,Tare at current value
0x09,CAL_READ_RAW,A,001110001110,0,8,Raw ADC counts (deprecated in rev C - keep for old configurator)
0x0A,SAVE_CONFIG,A,001110011001,0,0,Persist config to flash
0x0B,GET_BUILD_INFO,A,001110100011,0,12,Firmware version + build date
0x0C,SET_ADDR,B,010001011011,1,0,Bus address assignment
0x0D,DIAG_ECHO,B,010001101101,var,var,Echo payload (max 16 B)
0x0E,GET_TEMP,B,010001110110,0,2,Internal temperature
0x0F,SET_UNITS,B,010010011101,1,0,Engineering units
0x10,READ_ERRLOG,B,010010101011,1,var,Read error log page
0x11,CAL_BEGIN,C,100010110101,1,0,Start multi-point calibration session
0x12,CAL_SET_POINT,C,101001110100,8,0,Set reference point n
0x13,CAL_GET_POINT,C,110011000101,1,8,Read back reference point n
0x14,CAL_COMMIT,C,010011001110,0,2,Compute + store calibration
0x15,CAL_ABORT,C,101010011100,0,0,Discard calibration session
0x16,CAL_GET_STATE,C,101001011010,0,2,Calibration session state
0x17,CAL_CLEAR_POINTS,C,010101100011,0,0,Clear all reference points
0x18,CH_SELECT,C,010111001001,1,0,Select active channel (4-ch heads)
0x19,CH_GET_CONFIG,C,110001101010,1,12,Channel config block
0x1A,CH_SET_CONFIG,C,110010010110,13,0,Write channel config block
0x1B,CH_ENABLE,C,011100110010,1,0,Enable channel
0x1C,CH_DISABLE,C,110001110001,1,0,Disable channel
0x1D,CH_READ_VALUE,C,110110010001,1,6,Single measurement for channel n
0x1E,CH_READ_BLOCK,C,110110001100,2,var,Buffered measurements for channel n
0x1F,CH_SET_RANGE,C,110100100101,2,0,Range index for channel n
0x20,CH_SET_FILTER,C,100011100011,3,0,Filter for channel n
0x21,CH_ZERO_OFFSET,C,010110110100,1,0,Tare channel n
0x22,EVT_SUBSCRIBE,C,100111010100,2,0,Subscribe to event class
0x23,EVT_UNSUBSCRIBE,C,100100110011,2,0,Unsubscribe
0x24,EVT_POLL,C,100101001011,0,var,Fetch pending events
0x25,EVT_ACK,C,110001011100,2,0,Acknowledge event id
0x26,EVT_SET_THRESHOLD,C,110110100010,6,0,Limit-value threshold per channel
0x27,EVT_GET_THRESHOLD,C,110100011010,1,6,Read threshold
0x28,FWU_BEGIN,C,101110010010,8,0,Start firmware update (image size + crc32)
0x29,FWU_WRITE_BLOCK,C,100011101100,var,0,Write image block (max 64 B)
0x2A,FWU_VERIFY,C,101011000110,0,2,Verify written image
0x2B,FWU_COMMIT,C,110101000110,0,0,Activate image on next reset
0x2C,FWU_ABORT,C,101011010001,0,0,Abort update
0x2D,FWU_GET_STATE,C,100110101001,0,4,Update state + bytes received
0x2E,SET_TIMESTAMP,C,100010011011,8,0,Set head clock (unix ms)
0x2F,GET_TIMESTAMP,C,100100011101,0,8,Read head clock
0x30,SET_SAMPLE_RATE,C,011011010100,2,0,Sample rate in Hz
0x31,GET_SAMPLE_RATE,C,101101100010,0,2,Read sample rate
0x32,GET_HEALTH,C,011011100010,0,8,Health counters (CRC errors / resyncs / brownouts)
0x33,GET_UPTIME,C,011101100100,0,4,Seconds since reset
0x34,CLEAR_ERRLOG,C,011010110001,0,0,Clear error log
0x35,GET_ERRLOG_COUNT,C,010100111001,0,2,Number of error log entries
0x36,SET_TAG,C,010100101110,16,0,Free-text location tag
0x37,GET_TAG,C,101110100100,0,16,Read location tag
0x38,LOCK_CONFIG,C,010111010010,4,0,Lock config with PIN
0x39,UNLOCK_CONFIG,C,011100011100,4,0,Unlock config
0x3A,FACTORY_RESET,C,011101001010,4,0,Factory defaults (needs PIN)
0x3B,GET_BUILD_INFO_EXT,C,011010011010,0,32,Extended build info (git hash + bootloader version)
0x3C,DIAG_ECHO_V2,C,101101000101,var,var,Echo payload up to 64 B (production line test rig)
0x3D,DIAG_LOOPBACK,C,,1,0,PHY loopback mode
0x3E,CAL_READ_RAW_V2,C,,1,8,Raw ADC counts for channel n
