opcode,name,rev,symbol,req_payload,resp_payload,description
0x00,NOP,A,001000111011,0,0,No operation / keepalive
0x01,RESET,A,001001011101,0,0,Soft reset of the sensor head
0x02,GET_STATUS,A,001001101110,0,4,Status word + error flags
0x03,GET_ID,A,001010101101,0,16,Serial number and hardware id
0x04,READ_VALUE,A,001010110110,0,6,Single measurement (ch0)
0x05,READ_BLOCK,A,001011001011,1,var,Up to 8 buffered measurements (ch0)
0x06,SET_RANGE,A,001100110101,1,0,Measurement range index
0x07,SET_FILTER,A,001101010011,2,0,Filter type + corner
0x08,ZERO_OFFSET,A,001101101001,0,0,Tare at current value
0x09,CAL_READ_RAW,A,001110001110,0,8,Raw ADC counts
0x0A,SAVE_CONFIG,A,001110011001,0,0,Persist config to flash
0x0B,GET_BUILD_INFO,A,001110100011,0,12,Firmware version + build date
0x0C,SET_ADDR,B,010001011011,1,0,Bus address assignment
0x0D,DIAG_ECHO,B,010001101101,var,var,Echo payload (max 16 B)
0x0E,GET_TEMP,B,010001110110,0,2,Internal temp (raw)
0x0F,SET_UNITS,B,010010011101,1,0,Engineering units
0x10,READ_ERRLOG,B,010010101011,1,var,Read error log page
