opcode,name,rev,symbol
0x00,NOP,A,001000111011
0x01,RESET,A,001001011101
0x02,GET_STATUS,A,001001101110
0x03,GET_ID,A,001010101101
0x04,READ_VALUE,A,001010110110
0x05,READ_BLOCK,A,001011001011
0x06,SET_RANGE,A,001100110101
0x07,SET_FILTER,A,001101010011
0x08,ZERO_OFFSET,A,001101101001
0x09,CAL_READ_RAW,A,001110001110
0x0A,SAVE_CONFIG,A,001110011001
0x0B,GET_BUILD_INFO,A,001110100011
0x0C,SET_ADDR,B,010001011011
0x0D,DIAG_ECHO,B,010001101101
0x0E,GET_TEMP,B,010001110110
0x0F,SET_UNITS,B,010010011101
0x10,READ_ERRLOG,B,010010101011
