van_id,stops
V01,S023 S014 S025 S034 S018 S004 S024 S005 S033 S012 S019 S002 S022 S067 S068
V02,S043 S009 S060 S003 S066 S059 S083 S087 S082 S076 S081 S085 S086 S069
V03,S028 S037 S041 S020 S040 S038 S035 S042 S036 S039 S029 S016 S021 S026 S017 S006 S049 S001 S142
V04,S065 S064 S061 S062 S063 S084 S071 S074 S075 S073 S134
V05,S048 S044 S047 S008 S050 S032 S051 S058 S055 S053 S057 S056
V06,S091 S089 S102 S094 S030 S097 S101 S095 S100 S092 S090 S096 S093 S119 S103
V07,S010 S007 S027 S046 S045 S031 S013 S098 S099 S109 S111 S108
V08,S011 S015 S054 S052 S137 S140 S141 S138 S139 S144 S145 S146 S117
V09,S088 S077 S070 S072 S080 S079 S130 S132 S131 S133 S135 S136 S123 S125
V10,S122 S121 S126 S127 S124 S129 S128 S078 S105 S110 S116 S114 S106 S112 S104 S120
V11,S118 S107 S113 S115 S143
