invoice_id,merchant_id,net_pence,tax_pence,status,reason
I4001,M101,10000,2000,ready,
I4002,M102,23500,4700,ready,
I4003,M103,8900,445,ready,
I4004,M104,17600,3520,ready,
I4005,M105,6400,0,ready,
I4006,M106,42000,8400,ready,
I4007,M107,11200,2240,ready,
I4008,M108,30900,1545,ready,
I4009,M109,7400,1480,ready,
I4010,M110,12800,0,ready,
I4011,M111,19900,3980,ready,
I4012,M112,8300,415,ready,
I4013,M113,128,25,ready,
I4014,M114,48000,9600,ready,
I4015,M115,16500,3300,ready,
I4016,M116,27000,1350,ready,
I4017,M117,9200,1840,ready,
I4018,M118,38000,7600,ready,
