invoice_id,merchant_id,net_pence,tax_rate_bps,tax_postcode,pilot
I4001,M101,10000,2000,BS1 4QA,no
I4002,M102,23500,2000,LS1 2HE,no
I4003,M103,8900,500,BT1 3BG,no
I4004,M104,17600,2000,EH2 2AZ,no
I4005,M105,6400,0,CF10 1EP,no
I4006,M106,42000,2000,NE1 6EE,no
I4007,M107,11200,2000,L1 8JQ,no
I4008,M108,30900,500,NG1 5FS,no
I4009,M109,7400,2000,S1 2HB,no
I4010,M110,12800,0,OX1 1BP,no
I4011,M111,19900,2000,AB10 1AB,no
I4012,M112,8300,500,BN1 1EE,no
I4013,M113,128,2000,BS2 0HQ,no
I4014,M114,48000,2000,LE1 5RA,no
I4015,M115,16500,2000,EX1 1QA,no
I4016,M116,27000,500,SA1 3QW,no
I4017,M117,9200,2000,YO1 8QG,no
I4018,M118,38000,2000,BA1 1SU,no
I4019,M131,15750,2000,,yes
I4020,M208,28400,500,,yes
I4021,M317,11350,2000,,yes
I4022,M422,22100,2000,,yes
I4023,M509,18400,2000,,no
I4024,M603,7200,2000,G2 4JR,no
